{
    "experiment_name": "unet_cross_v3",
    "paths": {
        "data": "/net/ens/am4ip/datasets/project-dataset"
    },
    "dataset_split": {
        "train": 0.8,
        "val": 0.1,
        "test": 0.1
    },
    "data": {
        "shuffle": true,
        "num_workers": 4,
        "pin_memory": true
    },
    "hyperparameters": {
        "batch_size": 16,
        "learning_rate": "1e-5",
        "epochs": 50,
        "seed": 42,
        "input_channels": 3,
        "output_channels": 34,
        "mixed_precision": true
    },
    "model": {
        "name": "UNet",
        "pretrained": true
    },
    "loss": {
        "name": "CrossEntropyLoss",
        "params": {
            "weight": [
                0.00039999998989515007,
                0.0,
                0.0,
                0.0,
                0.0,
                0.0,
                0.0,
                9.999999747378752e-06,
                0.0002099999983329326,
                0.0,
                0.0,
                1.9999999494757503e-05,
                0.000539999979082495,
                0.00031999999191612005,
                0.0,
                0.0,
                0.0,
                0.0,
                0.0009399999980814755,
                0.0042500002309679985,
                0.000859999970998615,
                1.9999999494757503e-05,
                0.0002300000051036477,
                1.9999999494757503e-05,
                0.0019099999917671084,
                0.08350999653339386,
                0.000699999975040555,
                0.02500000037252903,
                0.015599999576807022,
                4.644909858703613,
                4.970620155334473,
                0.01640000008046627,
                0.29159998893737793,
                2.566699981689453
            ]
        }
    },
    "optimizer": {
        "name": "Adam",
        "params": {
            "lr": 0.0001,
            "weight_decay": 0.0001
        }
    },
    "scheduler": {
        "name": "CosineAnnealingLR",
        "params": {
            "T_max": 10,
            "eta_min": 1e-06
        }
    },
    "metrics": {
        "iou": true,
        "pixel_accuracy": true,
        "dice": true
    },
    "early_stopping": {
        "enabled": false,
        "patience": 5,
        "metric": "val_loss"
    },
    "augmentation": {
        "use_augmentation": false,
        "params": {
            "horizontal_flip": true,
            "rotation_range": 15,
            "brightness_adjust": 0.2,
            "contrast_adjust": 0.2,
            "scale_range": [
                0.8,
                1.2
            ],
            "gaussian_noise": 0.05,
            "random_crop": [
                256,
                256
            ]
        }
    },
    "logging": {
        "log_level": "INFO",
        "tensorboard": true,
        "gradient_monitoring": true
    },
    "evaluation": {
        "use_test_set": true,
        "batch_size": 16
    },
    "class_names": [
        "Unlabeled",
        "Unused",
        "Unused",
        "Unused",
        "Static",
        "Dynamic",
        "Ground",
        "Road",
        "Sidewalk",
        "Parking",
        "Rail track",
        "Building",
        "Wall",
        "Fence",
        "Guard rail",
        "Bridge",
        "Tunnel",
        "Pole",
        "Pole group",
        "Traffic light",
        "Traffic sign",
        "Vegetation",
        "Terrain",
        "Sky",
        "Person",
        "Rider",
        "Car",
        "Truck",
        "Bus",
        "Caravan",
        "Trailer",
        "Train",
        "Motorcycle",
        "Bicycle"
    ]
}